Ref,Val,Package,PosX,PosY,Rot,Side
"R30","0R22","R_1206_3216Metric",21.361400,-51.460400,0.000000,top
"R31","0R22","R_1206_3216Metric",21.361400,-53.771800,0.000000,top
